Met Node ID,Met Node Name,Jan,Feb,Mar,Apr,May,Jun,Jul,Aug,Sep,Oct,Nov,Dec
OK0179,Wellington,11.709694508166816,14.862505167537513,19.635708387704575,25.132145155595296,29.301662012451768,33.9409545818827,36.43699044869518,35.72036449636732,31.219018175280706,25.75902293176438,17.985053034087063,12.749158112473078
OK2944,Erick,10.688024977814083,13.602727769235821,17.996302145549734,23.642010313788493,27.691457878622938,32.46963700106465,35.225570311020995,34.592302742105204,30.27365117126599,24.512856104158338,16.85486323742964,11.712086893271287
OK4249,Holis 5E,11.981132323048808,15.09043582743103,19.920715734166354,25.50114494819924,29.613644773685444,34.40565064013069,36.71431876430842,36.08913007430805,31.48393315034329,25.678436801181793,17.96292533931808,12.938587361258191
OK5509,McLean,11.415185606288146,14.72016630023499,19.58095547473489,25.159562682240036,29.220243182607952,33.857599788893914,36.47234683392725,35.81162328064349,31.329884253450004,25.669764006282264,17.71276031632411,12.451780877463975
OK8879,Tipton,11.335771748350327,14.530690226164998,19.221805406144505,24.635337054120683,28.90920601139353,33.78117236706666,36.188940251903226,35.373198162890304,30.914873011666607,25.351127539244512,17.67972250836199,12.637682713894856
TX1761,Clarendon,10.809981140103698,13.360132562276139,17.56401487644845,23.173466257852475,27.427494965773874,31.985539463203324,34.68949348362057,33.88444942499783,29.573511483324673,24.097152983596636,16.696055940371004,11.94193707928906
