Met Node ID,Met Node Name,Jan,Feb,Mar,Apr,May,Jun,Jul,Aug,Sep,Oct,Nov,Dec
OK0179,Wellington,-2.963840975705804,-0.5509225945027826,3.4402245167366328,8.878465155596183,14.505771689872013,19.430734581882643,21.675868304234363,20.793145141528626,16.720524841948187,10.264100351116982,3.3871597007516465,-1.3829580165643574
OK2944,Erick,-4.664781473800762,-2.1219818624946516,1.5201344036067281,7.251803647118678,12.699761104429504,17.783017001064874,19.93253805295647,19.03990919371805,14.9595845045995,8.313288362229487,1.487029904092101,-3.132132461568087
OK4249,Holis 5E,-3.9166354188866483,-1.3747270620866743,2.508515734161313,8.242264948195478,13.934406064007275,19.073137306797364,21.21952521592133,20.2459236226952,16.125686483676525,9.116475510860242,2.2783586726557212,-2.4344255419677925
OK5509,McLean,-3.7205950388782494,-1.0886722266752504,2.886626442472518,8.354809348912639,13.973785118092588,18.792219788894073,20.832546833927235,20.053500699998384,16.01322425345032,9.549376909506979,2.629986982991298,-2.0837029935036893
OK8879,Tipton,-2.91116373536903,-0.41091742246458834,3.5885795993987055,9.05625705378667,14.628406011461902,19.63457903373465,21.907862832548425,20.998488485470958,16.864839678322642,10.34993399078773,3.5548158414159934,-1.237904382720001
TX1761,Clarendon,-5.223999505054002,-3.0327286275271974,0.46487294096589166,5.97634625784721,11.617069159322648,16.607046129869783,18.940228967491564,17.963578457255913,13.931851483324186,7.192598144889052,0.3850692737112372,-3.79215324329227
